{"node5": [1, [0.4742392367170477, 0.21774057674126546], {"multiplier": [[0.7156092873384543, 0.16534808402999424, 0.21898195764268868], {"node1": 1, "node3": 3, "node2": 2}], "adder": [[0.011757272838380461, 0.09169533806479269, 0.9956890628855347], {"node1": 1, "node3": 3, "node2": 2}]}], "node4": [4, [0.929846257793416, 0.37453676074652753], {"multiplier": [[0.7156092873384543, 0.16534808402999424, 0.21898195764268868], {"node1": 1, "node3": 3, "node2": 2}], "adder": [[0.011757272838380461, 0.09169533806479269, 0.9956890628855347], {"node1": 1, "node3": 3, "node2": 2}]}]}