{"node5": [1, [0.5745521974807966, 0.8825771361887874], {"adder": [[0.971090038682138, 0.9008703610210852, 0.8984576338196306], {"node1": 1, "node3": 3, "node2": 2}], "multiplier": [[0.3455022307529032, 0.29935399373412785, 0.5419071773903759], {"node1": 1, "node3": 3, "node2": 2}]}], "node4": [4, [0.5963523538138541, 0.2443618933521765], {"adder": [[0.971090038682138, 0.9008703610210852, 0.8984576338196306], {"node1": 1, "node3": 3, "node2": 2}], "multiplier": [[0.3455022307529032, 0.29935399373412785, 0.5419071773903759], {"node1": 1, "node3": 3, "node2": 2}]}]}